Chromosome,Start,Stop,Reference,Variant,Transcript,Transcript Support Level,Transcript Length,Biotype,Ensembl Gene ID,Variant Type,Mutation,Protein Position,Gene Name,HGVSc,HGVSp,HLA Allele,Peptide Length,Sub-peptide Position,Mutation Position,MT Epitope Seq,WT Epitope Seq,Best MT IC50 Score Method,Best MT IC50 Score,Corresponding WT IC50 Score,Corresponding Fold Change,Best MT Percentile Method,Best MT Percentile,Corresponding WT Percentile,Tumor DNA Depth,Tumor DNA VAF,Tumor RNA Depth,Tumor RNA VAF,Normal Depth,Normal VAF,Gene Expression,Transcript Expression,Median MT IC50 Score,Median WT IC50 Score,Median Fold Change,Median MT Percentile,Median WT Percentile,BigMHC_EL WT Score,BigMHC_EL MT Score,BigMHC_IM WT Score,BigMHC_IM MT Score,DeepImmuno WT Score,DeepImmuno MT Score,MHCflurryEL Processing WT Score,MHCflurryEL Processing MT Score,MHCflurryEL Presentation WT Score,MHCflurryEL Presentation MT Score,MHCflurryEL Presentation WT Percentile,MHCflurryEL Presentation MT Percentile,MHCflurry WT IC50 Score,MHCflurry MT IC50 Score,MHCflurry WT Percentile,MHCflurry MT Percentile,MHCnuggetsI WT IC50 Score,MHCnuggetsI MT IC50 Score,MHCnuggetsI WT Percentile,MHCnuggetsI MT Percentile,NetMHC WT IC50 Score,NetMHC MT IC50 Score,NetMHC WT Percentile,NetMHC MT Percentile,NetMHCcons WT IC50 Score,NetMHCcons MT IC50 Score,NetMHCcons WT Percentile,NetMHCcons MT Percentile,NetMHCpan WT IC50 Score,NetMHCpan MT IC50 Score,NetMHCpan WT Percentile,NetMHCpan MT Percentile,NetMHCpanEL WT Score,NetMHCpanEL MT Score,NetMHCpanEL WT Percentile,NetMHCpanEL MT Percentile,PickPocket WT IC50 Score,PickPocket MT IC50 Score,PickPocket WT Percentile,PickPocket MT Percentile,SMM WT IC50 Score,SMM MT IC50 Score,SMM WT Percentile,SMM MT Percentile,SMMPMBEC WT IC50 Score,SMMPMBEC MT IC50 Score,SMMPMBEC WT Percentile,SMMPMBEC MT Percentile,Index,cterm_7mer_gravy_score,max_7mer_gravy_score,difficult_n_terminal_residue,c_terminal_cysteine,c_terminal_proline,cysteine_count,n_terminal_asparagine,asparagine_proline_bond_count
chr1,151185546,151185547,T,C,ENST00000354473,3.0,375,protein_coding,ENSG00000163159,missense,K/R,115,VPS72,ENST00000354473.4:c.344A>G,ENSP00000346464.4:p.Lys115Arg,HLA-C*07:01,9,5,5,AREERALLP,AREEKALLP,SMMPMBEC,3.78,7.26,1.921,SMMPMBEC,0.2,0.4,160,0.11,,,64,0.017,,,3235.169,3945.473,1.22,7.174,8.12,0.0018716598,0.00174864,0.041350704,0.035512917,,,0.0489562060683965,0.0774592140223831,0.0277699001689216,0.0337244003866719,8.839293478260856,7.348016304347794,3984.855608116786,3596.63882877734,4.614125000000001,4.3656250000000005,29368.69,31032.1,23.41,29.47,3906.09,1763.85,0.98,0.43,9972.95,5712.5,14.0,7.0,26679.97,23803.69,20.0,16.0,0.000583,0.000554,7.4,7.6,3567.97,2873.7,12.0,8.3,15.07,7.13,0.7,0.4,7.26,3.78,0.4,0.2,3.VPS72.ENST00000354473.missense.115K/R,-0.5285714285714286,-0.5285714285714286,False,False,True,0,False,0
chr1,151185546,151185547,T,C,ENST00000368892,1.0,364,protein_coding,ENSG00000163159,missense,K/R,115,VPS72,ENST00000368892.9:c.344A>G,ENSP00000357887.5:p.Lys115Arg,HLA-C*07:01,9,5,5,AREERALLP,AREEKALLP,SMMPMBEC,3.78,7.26,1.921,SMMPMBEC,0.2,0.4,160,0.11,,,64,0.017,,,3235.169,3945.473,1.22,7.174,8.12,0.0018716598,0.00174864,0.041350704,0.035512917,,,0.0489562060683965,0.0774592140223831,0.0277699001689216,0.0337244003866719,8.839293478260856,7.348016304347794,3984.855608116786,3596.63882877734,4.614125000000001,4.3656250000000005,29368.69,31032.1,23.41,29.47,3906.09,1763.85,0.98,0.43,9972.95,5712.5,14.0,7.0,26679.97,23803.69,20.0,16.0,0.000583,0.000554,7.4,7.6,3567.97,2873.7,12.0,8.3,15.07,7.13,0.7,0.4,7.26,3.78,0.4,0.2,4.VPS72.ENST00000368892.missense.115K/R,-0.5285714285714286,-0.5285714285714286,False,False,True,0,False,0
chr1,151185546,151185547,T,C,ENST00000640458,5.0,199,protein_coding,ENSG00000163159,missense,K/R,115,VPS72,ENST00000640458.1:c.344A>G,ENSP00000491718.1:p.Lys115Arg,HLA-C*07:01,9,5,5,AREERALLP,AREEKALLP,SMMPMBEC,3.78,7.26,1.921,SMMPMBEC,0.2,0.4,160,0.11,,,64,0.017,,,3235.169,3945.473,1.22,7.174,8.12,0.0018716598,0.00174864,0.041350704,0.035512917,,,0.0489562060683965,0.0774592140223831,0.0277699001689216,0.0337244003866719,8.839293478260856,7.348016304347794,3984.855608116786,3596.63882877734,4.614125000000001,4.3656250000000005,29368.69,31032.1,23.41,29.47,3906.09,1763.85,0.98,0.43,9972.95,5712.5,14.0,7.0,26679.97,23803.69,20.0,16.0,0.000583,0.000554,7.4,7.6,3567.97,2873.7,12.0,8.3,15.07,7.13,0.7,0.4,7.26,3.78,0.4,0.2,5.VPS72.ENST00000640458.missense.115K/R,-0.5285714285714286,-0.5285714285714286,False,False,True,0,False,0
chr8,22192066,22192067,T,A,ENST00000306349,1.0,730,protein_coding,ENSG00000168487,missense,S/T,366,BMP1,ENST00000306349.13:c.1096T>A,ENSP00000306121.8:p.Ser366Thr,HLA-C*01:02,10,4,7,IILNFTTLDL,IILNFTSLDL,MHCnuggetsI,22.58,28.04,1.242,MHCnuggetsI,0.11,0.17,118,0.123,,,74,0.014,,,8571.13,8297.38,0.968,5.484,5.7,0.0036601224,0.0063012955,0.09510397,0.116719484,0.91801035,0.935626,0.0080639455700293,0.0135229066363535,0.0195442227809773,0.022048078498592,12.187228260869546,10.655842391304333,4972.17883537424,4468.30443222398,5.7736250000000044,5.484375000000004,28.04,22.58,0.1699999999999999,0.11,,,,,9245.51,8853.9,3.1,2.8,13944.33,14607.62,3.3,3.6,0.00122,0.00134,9.0,8.7,8297.38,8571.13,5.7,6.1,,,,,,,,,28.BMP1.ENST00000306349.missense.366S/T,0.2857142857142856,1.528571428571429,False,False,False,0,False,0
chr8,22192066,22192067,T,A,ENST00000306385,1.0,986,protein_coding,ENSG00000168487,missense,S/T,366,BMP1,ENST00000306385.10:c.1096T>A,ENSP00000305714.5:p.Ser366Thr,HLA-C*01:02,10,4,7,IILNFTTLDL,IILNFTSLDL,MHCnuggetsI,22.58,28.04,1.242,MHCnuggetsI,0.11,0.17,118,0.123,,,74,0.014,,,8571.13,8297.38,0.968,5.484,5.7,0.0036601224,0.0063012955,0.09510397,0.116719484,0.91801035,0.935626,0.0080639455700293,0.0135229066363535,0.0195442227809773,0.022048078498592,12.187228260869546,10.655842391304333,4972.17883537424,4468.30443222398,5.7736250000000044,5.484375000000004,28.04,22.58,0.1699999999999999,0.11,,,,,9245.51,8853.9,3.1,2.8,13944.33,14607.62,3.3,3.6,0.00122,0.00134,9.0,8.7,8297.38,8571.13,5.7,6.1,,,,,,,,,29.BMP1.ENST00000306385.missense.366S/T,0.2857142857142856,1.528571428571429,False,False,False,0,False,0
chr1,23362761,23362762,G,C,ENST00000314011,1.0,470,protein_coding,ENSG00000125945,missense,S/C,207,ZNF436,ENST00000314011.9:c.620C>G,ENSP00000313582.4:p.Ser207Cys,HLA-C*07:01,9,6,4,GRSCHLIQH,GRSSHLIQH,SMMPMBEC,23.37,18.27,0.782,MHCflurry,0.538,0.262,132,0.13,,,90,0.012,,,2296.2,1326.925,0.578,1.75,1.2,0.043508228,0.0016929042,0.33853057,0.1668768,,,0.3766677435487509,0.1460472720209509,0.8098789194967217,0.536748400971175,0.2619565217391226,0.7437499999998778,76.05619211328246,125.43713760208502,0.275875,0.5378749999999998,33473.53,31999.78,42.36,33.910000000000004,1532.78,3495.33,0.37,0.85,9499.0,16053.81,13.0,22.0,5065.43,7607.98,1.5,2.3,0.0692,0.0136,0.32,1.3,1121.07,1097.07,2.3,2.2,41.7,41.51,2.2,2.2,18.27,23.37,0.9,1.1,1.ZNF436.ENST00000314011.missense.207S/C,0.0142857142857142,0.2714285714285713,False,False,False,1,False,0
chr1,23362761,23362762,G,C,ENST00000374608,1.0,470,protein_coding,ENSG00000125945,missense,S/C,207,ZNF436,ENST00000374608.3:c.620C>G,ENSP00000363736.3:p.Ser207Cys,HLA-C*07:01,9,6,4,GRSCHLIQH,GRSSHLIQH,SMMPMBEC,23.37,18.27,0.782,MHCflurry,0.538,0.262,132,0.13,,,90,0.012,,,2296.2,1326.925,0.578,1.75,1.2,0.043508228,0.0016929042,0.33853057,0.1668768,,,0.3766677435487509,0.1460472720209509,0.8098789194967217,0.536748400971175,0.2619565217391226,0.7437499999998778,76.05619211328246,125.43713760208502,0.275875,0.5378749999999998,33473.53,31999.78,42.36,33.910000000000004,1532.78,3495.33,0.37,0.85,9499.0,16053.81,13.0,22.0,5065.43,7607.98,1.5,2.3,0.0692,0.0136,0.32,1.3,1121.07,1097.07,2.3,2.2,41.7,41.51,2.2,2.2,18.27,23.37,0.9,1.1,2.ZNF436.ENST00000374608.missense.207S/C,0.0142857142857142,0.2714285714285713,False,False,False,1,False,0
chr17,51154442,51154443,G,A,ENST00000013034,3.0,177,protein_coding,ENSG00000239672,missense,G/R,24,NME1,ENST00000013034.3:c.70G>A,ENSP00000013034.3:p.Gly24Arg,HLA-C*07:01,9,8,2,TRTMANCER,TGTMANCER,SMM,23.78,619.68,26.059,SMM,1.1,23.0,141,0.139,,,69,0.016,,,7578.716,26263.562,3.465,6.4,44.0,3.58621e-05,2.4756197e-05,0.0020016392,0.004047963,,,0.0033845841608126,0.0054597348862444,0.0046841550502929,0.0316941635975286,62.74467391304348,7.778097826086963,21604.954382525928,2955.9628939837835,20.697624999999995,3.9343750000000015,37177.95,34765.73,75.72,51.95,39997.26,12201.47,47.0,3.8,40053.56,19295.7,80.0,27.0,30922.17,18057.82,29.0,8.2,1.8e-05,0.000543,33.0,7.7,12117.27,1262.76,41.0,2.8,619.68,23.78,23.0,1.1,2875.21,102.49,55.0,5.1,57.NME1.ENST00000013034.missense.24G/R,-0.8571428571428571,-0.4571428571428572,False,False,False,1,False,0
chr17,51154442,51154443,G,A,ENST00000336097,1.0,177,protein_coding,ENSG00000239672,missense,G/R,24,NME1,ENST00000336097.7:c.70G>A,ENSP00000337060.3:p.Gly24Arg,HLA-C*07:01,9,8,2,TRTMANCER,TGTMANCER,SMM,23.78,619.68,26.059,SMM,1.1,23.0,141,0.139,,,69,0.016,,,7578.716,26263.562,3.465,6.4,44.0,3.58621e-05,2.4756197e-05,0.0020016392,0.004047963,,,0.0033845841608126,0.0054597348862444,0.0046841550502929,0.0316941635975286,62.74467391304348,7.778097826086963,21604.954382525928,2955.9628939837835,20.697624999999995,3.9343750000000015,37177.95,34765.73,75.72,51.95,39997.26,12201.47,47.0,3.8,40053.56,19295.7,80.0,27.0,30922.17,18057.82,29.0,8.2,1.8e-05,0.000543,33.0,7.7,12117.27,1262.76,41.0,2.8,619.68,23.78,23.0,1.1,2875.21,102.49,55.0,5.1,58.NME1.ENST00000336097.missense.24G/R,-0.8571428571428571,-0.4571428571428572,False,False,False,1,False,0
chr17,51154442,51154443,G,A,ENST00000456492,2.0,60,protein_coding,ENSG00000239672,missense,G/R,24,NME1,ENST00000456492.1:c.70G>A,ENSP00000387682.1:p.Gly24Arg,HLA-C*07:01,9,8,2,TRTMANCER,TGTMANCER,SMM,23.78,619.68,26.059,SMM,1.1,23.0,141,0.139,,,69,0.016,,,7578.716,26263.562,3.465,6.4,44.0,3.58621e-05,2.4756197e-05,0.0020016392,0.004047963,,,0.0033845841608126,0.0054597348862444,0.0046841550502929,0.0316941635975286,62.74467391304348,7.778097826086963,21604.954382525928,2955.9628939837835,20.697624999999995,3.9343750000000015,37177.95,34765.73,75.72,51.95,39997.26,12201.47,47.0,3.8,40053.56,19295.7,80.0,27.0,30922.17,18057.82,29.0,8.2,1.8e-05,0.000543,33.0,7.7,12117.27,1262.76,41.0,2.8,619.68,23.78,23.0,1.1,2875.21,102.49,55.0,5.1,59.NME1.ENST00000456492.missense.24G/R,-0.8571428571428571,-0.4571428571428572,False,False,False,1,False,0
chr17,51154442,51154443,G,A,ENST00000480143,2.0,139,protein_coding,ENSG00000239672,missense,G/R,24,NME1,ENST00000480143.5:c.70G>A,ENSP00000429318.1:p.Gly24Arg,HLA-C*07:01,9,8,2,TRTMANCER,TGTMANCER,SMM,23.78,619.68,26.059,SMM,1.1,23.0,141,0.139,,,69,0.016,,,7578.716,26263.562,3.465,6.4,44.0,3.58621e-05,2.4756197e-05,0.0020016392,0.004047963,,,0.0033845841608126,0.0054597348862444,0.0046841550502929,0.0316941635975286,62.74467391304348,7.778097826086963,21604.954382525928,2955.9628939837835,20.697624999999995,3.9343750000000015,37177.95,34765.73,75.72,51.95,39997.26,12201.47,47.0,3.8,40053.56,19295.7,80.0,27.0,30922.17,18057.82,29.0,8.2,1.8e-05,0.000543,33.0,7.7,12117.27,1262.76,41.0,2.8,619.68,23.78,23.0,1.1,2875.21,102.49,55.0,5.1,60.NME1.ENST00000480143.missense.24G/R,-0.8571428571428571,-0.4571428571428572,False,False,False,1,False,0
chr17,51154442,51154443,G,A,ENST00000555572,2.0,292,protein_coding,ENSG00000011052,missense,G/R,24,NME1-NME2,ENST00000555572.1:c.70G>A,ENSP00000451932.1:p.Gly24Arg,HLA-C*07:01,9,8,2,TRTMANCER,TGTMANCER,SMM,23.78,619.68,26.059,SMM,1.1,23.0,141,0.139,,,69,0.016,,,7578.716,26263.562,3.465,6.4,44.0,3.58621e-05,2.4756197e-05,0.0020016392,0.004047963,,,0.0033845841608126,0.0054597348862444,0.0046841550502929,0.0316941635975286,62.74467391304348,7.778097826086963,21604.954382525928,2955.9628939837835,20.697624999999995,3.9343750000000015,37177.95,34765.73,75.72,51.95,39997.26,12201.47,47.0,3.8,40053.56,19295.7,80.0,27.0,30922.17,18057.82,29.0,8.2,1.8e-05,0.000543,33.0,7.7,12117.27,1262.76,41.0,2.8,619.68,23.78,23.0,1.1,2875.21,102.49,55.0,5.1,61.NME1-NME2.ENST00000555572.missense.24G/R,-0.8571428571428571,-0.4571428571428572,False,False,False,1,False,0
chr8,22192066,22192067,T,A,ENST00000306349,1.0,730,protein_coding,ENSG00000168487,missense,S/T,366,BMP1,ENST00000306349.13:c.1096T>A,ENSP00000306121.8:p.Ser366Thr,HLA-C*01:02,9,4,6,ILNFTTLDL,ILNFTSLDL,MHCnuggetsI,25.51,45.23,1.773,MHCnuggetsI,0.15,0.4,118,0.123,,,74,0.014,,,5119.81,5346.03,1.044,1.004,1.388,0.040744726,0.16072507,0.167992,0.22048163,0.8030989,0.8166983,0.0677443138556554,0.1173501955345273,0.2938934769950723,0.4209262565343026,1.3880163043477154,1.0039945652172406,270.5859546140415,182.59262762111817,1.2428750000000002,0.8890000000000002,45.23,25.51,0.4,0.15,,,,,6539.79,5500.22,4.5,3.3,5346.03,5119.81,0.92,0.86,0.0303,0.0331,1.7,1.6,6829.04,6610.93,21.0,20.0,,,,,,,,,28.BMP1.ENST00000306349.missense.366S/T,0.2857142857142856,1.4285714285714286,False,False,False,0,False,0
chr8,22192066,22192067,T,A,ENST00000306385,1.0,986,protein_coding,ENSG00000168487,missense,S/T,366,BMP1,ENST00000306385.10:c.1096T>A,ENSP00000305714.5:p.Ser366Thr,HLA-C*01:02,9,4,6,ILNFTTLDL,ILNFTSLDL,MHCnuggetsI,25.51,45.23,1.773,MHCnuggetsI,0.15,0.4,118,0.123,,,74,0.014,,,5119.81,5346.03,1.044,1.004,1.388,0.040744726,0.16072507,0.167992,0.22048163,0.8030989,0.8166983,0.0677443138556554,0.1173501955345273,0.2938934769950723,0.4209262565343026,1.3880163043477154,1.0039945652172406,270.5859546140415,182.59262762111817,1.2428750000000002,0.8890000000000002,45.23,25.51,0.4,0.15,,,,,6539.79,5500.22,4.5,3.3,5346.03,5119.81,0.92,0.86,0.0303,0.0331,1.7,1.6,6829.04,6610.93,21.0,20.0,,,,,,,,,29.BMP1.ENST00000306385.missense.366S/T,0.2857142857142856,1.4285714285714286,False,False,False,0,False,0
chr1,151185546,151185547,T,C,ENST00000354473,3.0,375,protein_coding,ENSG00000163159,missense,K/R,115,VPS72,ENST00000354473.4:c.344A>G,ENSP00000346464.4:p.Lys115Arg,HLA-B*08:01,12,6,7,QKAREERALLPL,QKAREEKALLPL,MHCnuggetsI,26.62,26.53,0.997,MHCnuggetsI,0.11,0.11,160,0.11,,,64,0.017,,,11317.36,12249.09,1.082,17.0,17.0,0.0016507722,0.00077482656,0.0023812682,0.0016878655,,,0.0167700101737864,0.0208203448273707,0.0035152110474888,0.0035176532231135,99.28660326086955,99.28660326086955,30521.755069222225,30953.17077411929,43.7235,47.69475,26.53,26.62,0.11,0.11,9141.46,9184.39,9.6,9.7,12249.09,12051.9,17.0,17.0,13206.57,11317.36,14.0,11.0,0.000325,0.000324,31.0,31.0,,,,,,,,,,,,,3.VPS72.ENST00000354473.missense.115K/R,0.5142857142857141,0.5142857142857141,True,False,False,0,False,0
chr1,151185546,151185547,T,C,ENST00000368892,1.0,364,protein_coding,ENSG00000163159,missense,K/R,115,VPS72,ENST00000368892.9:c.344A>G,ENSP00000357887.5:p.Lys115Arg,HLA-B*08:01,12,6,7,QKAREERALLPL,QKAREEKALLPL,MHCnuggetsI,26.62,26.53,0.997,MHCnuggetsI,0.11,0.11,160,0.11,,,64,0.017,,,11317.36,12249.09,1.082,17.0,17.0,0.0016507722,0.00077482656,0.0023812682,0.0016878655,,,0.0167700101737864,0.0208203448273707,0.0035152110474888,0.0035176532231135,99.28660326086955,99.28660326086955,30521.755069222225,30953.17077411929,43.7235,47.69475,26.53,26.62,0.11,0.11,9141.46,9184.39,9.6,9.7,12249.09,12051.9,17.0,17.0,13206.57,11317.36,14.0,11.0,0.000325,0.000324,31.0,31.0,,,,,,,,,,,,,4.VPS72.ENST00000368892.missense.115K/R,0.5142857142857141,0.5142857142857141,True,False,False,0,False,0
chr1,151185546,151185547,T,C,ENST00000640458,5.0,199,protein_coding,ENSG00000163159,missense,K/R,115,VPS72,ENST00000640458.1:c.344A>G,ENSP00000491718.1:p.Lys115Arg,HLA-B*08:01,12,6,7,QKAREERALLPL,QKAREEKALLPL,MHCnuggetsI,26.62,26.53,0.997,MHCnuggetsI,0.11,0.11,160,0.11,,,64,0.017,,,11317.36,12249.09,1.082,17.0,17.0,0.0016507722,0.00077482656,0.0023812682,0.0016878655,,,0.0167700101737864,0.0208203448273707,0.0035152110474888,0.0035176532231135,99.28660326086955,99.28660326086955,30521.755069222225,30953.17077411929,43.7235,47.69475,26.53,26.62,0.11,0.11,9141.46,9184.39,9.6,9.7,12249.09,12051.9,17.0,17.0,13206.57,11317.36,14.0,11.0,0.000325,0.000324,31.0,31.0,,,,,,,,,,,,,5.VPS72.ENST00000640458.missense.115K/R,0.5142857142857141,0.5142857142857141,True,False,False,0,False,0
chr14,101980528,101980529,G,A,ENST00000360184,1.0,4646,protein_coding,ENSG00000197102,missense,V/I,314,DYNC1H1,ENST00000360184.10:c.940G>A,ENSP00000348965.4:p.Val314Ile,HLA-C*07:01,9,3,7,KRFHATISF,KRFHATVSF,MHCflurry,29.644,29.8,1.005,MHCflurry,0.002,0.003,162,0.094,,,70,0.016,,,316.355,284.97,0.901,0.455,0.41,0.9887007,0.99115235,0.19731568,0.30626813,,,0.7342998385429382,0.725220587104559,0.9740348191818348,0.9733423678558404,0.0141576086956831,0.0153804347826422,29.800144453761494,29.64429451196313,0.0025,0.00225,22203.14,18839.7,9.83,6.78,344.17,424.42,0.1,0.13,396.76,446.91,0.72,0.78,179.01,165.71,0.04,0.04,0.723,0.729,0.01,0.01,963.49,883.6,1.8,1.5,157.46,109.94,7.7,5.5,225.77,208.29,12.0,9.6,56.DYNC1H1.ENST00000360184.missense.314V/I,1.0285714285714285,1.0285714285714285,False,False,False,0,False,0
chr14,101980528,101980529,G,A,ENST00000360184,1.0,4646,protein_coding,ENSG00000197102,missense,V/I,314,DYNC1H1,ENST00000360184.10:c.940G>A,ENSP00000348965.4:p.Val314Ile,HLA-B*27:05,9,3,7,KRFHATISF,KRFHATVSF,NetMHCcons,34.59,36.31,1.05,MHCflurry,0.001,0.001,162,0.094,,,70,0.016,,,54.914,55.406,1.009,0.115,0.135,0.9892592,0.9891758,0.5487627,0.6110104,0.8382431,0.69474536,0.7342998385429382,0.725220587104559,0.9574206556297256,0.9564582038589872,0.0369565217391425,0.0383152173913146,50.47229463696082,50.01886768655101,0.001125,0.001125,47.66,45.5,0.15,0.1399999999999999,43.7,34.89,0.12,0.1,36.31,34.59,0.09,0.09,72.22,59.81,0.16,0.13,0.989,0.991,0.01,0.01,319.56,319.56,0.6,0.6,64.35,64.06,0.3,0.3,60.34,60.2,0.3,0.3,56.DYNC1H1.ENST00000360184.missense.314V/I,1.0285714285714285,1.0285714285714285,False,False,False,0,False,0
chr3,15645182,15645183,T,G,ENST00000303498,1.0,523,protein_coding,ENSG00000169814,missense,F/V,423,BTD,ENST00000303498.10:c.1267T>G,ENSP00000306477.6:p.Phe423Val,HLA-A*01:01,12,11,2,VVDGLHTVHGTY,VFDGLHTVHGTY,NetMHCcons,43.41,1967.79,45.33,MHCflurry,0.039,0.566,158,0.174,,,73,0.015,,,588.92,5067.57,8.605,0.15,0.901,0.6413252,0.8997273,0.05226544,0.1326598,,,0.4501069318503141,0.3714944748207927,0.463558248579602,0.8647032613917321,0.9014130434781435,0.1774728260869409,513.50965323101,49.1546805799727,0.5657499999999992,0.03925,5459.46,602.72,86.59,0.06,14042.29,1873.18,6.0,1.3,1967.79,43.41,0.79,0.08,5067.57,588.92,1.4,0.24,0.115,0.586,0.85,0.15,,,,,,,,,,,,,7.BTD.ENST00000303498.missense.423F/V,-0.7571428571428571,0.6285714285714287,False,False,False,0,False,0
chr3,15645182,15645183,T,G,ENST00000383778,2.0,523,protein_coding,ENSG00000169814,missense,F/V,423,BTD,ENST00000383778.5:c.1267T>G,ENSP00000373288.4:p.Phe423Val,HLA-A*01:01,12,11,2,VVDGLHTVHGTY,VFDGLHTVHGTY,NetMHCcons,43.41,1967.79,45.33,MHCflurry,0.039,0.566,158,0.174,,,73,0.015,,,588.92,5067.57,8.605,0.15,0.901,0.6413252,0.8997273,0.05226544,0.1326598,,,0.4501069318503141,0.3714944748207927,0.463558248579602,0.8647032613917321,0.9014130434781435,0.1774728260869409,513.50965323101,49.1546805799727,0.5657499999999992,0.03925,5459.46,602.72,86.59,0.06,14042.29,1873.18,6.0,1.3,1967.79,43.41,0.79,0.08,5067.57,588.92,1.4,0.24,0.115,0.586,0.85,0.15,,,,,,,,,,,,,8.BTD.ENST00000383778.missense.423F/V,-0.7571428571428571,0.6285714285714287,False,False,False,0,False,0
chr3,15645182,15645183,T,G,ENST00000427382,4.0,523,protein_coding,ENSG00000169814,missense,F/V,423,BTD,ENST00000427382.2:c.1267T>G,ENSP00000397113.2:p.Phe423Val,HLA-A*01:01,12,11,2,VVDGLHTVHGTY,VFDGLHTVHGTY,NetMHCcons,43.41,1967.79,45.33,MHCflurry,0.039,0.566,158,0.174,,,73,0.015,,,588.92,5067.57,8.605,0.15,0.901,0.6413252,0.8997273,0.05226544,0.1326598,,,0.4501069318503141,0.3714944748207927,0.463558248579602,0.8647032613917321,0.9014130434781435,0.1774728260869409,513.50965323101,49.1546805799727,0.5657499999999992,0.03925,5459.46,602.72,86.59,0.06,14042.29,1873.18,6.0,1.3,1967.79,43.41,0.79,0.08,5067.57,588.92,1.4,0.24,0.115,0.586,0.85,0.15,,,,,,,,,,,,,9.BTD.ENST00000427382.missense.423F/V,-0.7571428571428571,0.6285714285714287,False,False,False,0,False,0
chr3,15645182,15645183,T,G,ENST00000437172,2.0,523,protein_coding,ENSG00000169814,missense,F/V,423,BTD,ENST00000437172.6:c.1267T>G,ENSP00000400995.2:p.Phe423Val,HLA-A*01:01,12,11,2,VVDGLHTVHGTY,VFDGLHTVHGTY,NetMHCcons,43.41,1967.79,45.33,MHCflurry,0.039,0.566,158,0.174,,,73,0.015,,,588.92,5067.57,8.605,0.15,0.901,0.6413252,0.8997273,0.05226544,0.1326598,,,0.4501069318503141,0.3714944748207927,0.463558248579602,0.8647032613917321,0.9014130434781435,0.1774728260869409,513.50965323101,49.1546805799727,0.5657499999999992,0.03925,5459.46,602.72,86.59,0.06,14042.29,1873.18,6.0,1.3,1967.79,43.41,0.79,0.08,5067.57,588.92,1.4,0.24,0.115,0.586,0.85,0.15,,,,,,,,,,,,,10.BTD.ENST00000437172.missense.423F/V,-0.7571428571428571,0.6285714285714287,False,False,False,0,False,0
chr3,15645182,15645183,T,G,ENST00000449107,2.0,523,protein_coding,ENSG00000169814,missense,F/V,423,BTD,ENST00000449107.7:c.1267T>G,ENSP00000388212.2:p.Phe423Val,HLA-A*01:01,12,11,2,VVDGLHTVHGTY,VFDGLHTVHGTY,NetMHCcons,43.41,1967.79,45.33,MHCflurry,0.039,0.566,158,0.174,,,73,0.015,,,588.92,5067.57,8.605,0.15,0.901,0.6413252,0.8997273,0.05226544,0.1326598,,,0.4501069318503141,0.3714944748207927,0.463558248579602,0.8647032613917321,0.9014130434781435,0.1774728260869409,513.50965323101,49.1546805799727,0.5657499999999992,0.03925,5459.46,602.72,86.59,0.06,14042.29,1873.18,6.0,1.3,1967.79,43.41,0.79,0.08,5067.57,588.92,1.4,0.24,0.115,0.586,0.85,0.15,,,,,,,,,,,,,11.BTD.ENST00000449107.missense.423F/V,-0.7571428571428571,0.6285714285714287,False,False,False,0,False,0
chr3,15645182,15645183,T,G,ENST00000643237,,523,protein_coding,ENSG00000169814,missense,F/V,423,BTD,ENST00000643237.3:c.1267T>G,ENSP00000495254.2:p.Phe423Val,HLA-A*01:01,12,11,2,VVDGLHTVHGTY,VFDGLHTVHGTY,NetMHCcons,43.41,1967.79,45.33,MHCflurry,0.039,0.566,158,0.174,,,73,0.015,,,588.92,5067.57,8.605,0.15,0.901,0.6413252,0.8997273,0.05226544,0.1326598,,,0.4501069318503141,0.3714944748207927,0.463558248579602,0.8647032613917321,0.9014130434781435,0.1774728260869409,513.50965323101,49.1546805799727,0.5657499999999992,0.03925,5459.46,602.72,86.59,0.06,14042.29,1873.18,6.0,1.3,1967.79,43.41,0.79,0.08,5067.57,588.92,1.4,0.24,0.115,0.586,0.85,0.15,,,,,,,,,,,,,12.BTD.ENST00000643237.missense.423F/V,-0.7571428571428571,0.6285714285714287,False,False,False,0,False,0
chr3,15645182,15645183,T,G,ENST00000646371,,523,protein_coding,ENSG00000169814,missense,F/V,423,BTD,ENST00000646371.1:c.1267T>G,ENSP00000495866.1:p.Phe423Val,HLA-A*01:01,12,11,2,VVDGLHTVHGTY,VFDGLHTVHGTY,NetMHCcons,43.41,1967.79,45.33,MHCflurry,0.039,0.566,158,0.174,,,73,0.015,,,588.92,5067.57,8.605,0.15,0.901,0.6413252,0.8997273,0.05226544,0.1326598,,,0.4501069318503141,0.3714944748207927,0.463558248579602,0.8647032613917321,0.9014130434781435,0.1774728260869409,513.50965323101,49.1546805799727,0.5657499999999992,0.03925,5459.46,602.72,86.59,0.06,14042.29,1873.18,6.0,1.3,1967.79,43.41,0.79,0.08,5067.57,588.92,1.4,0.24,0.115,0.586,0.85,0.15,,,,,,,,,,,,,13.BTD.ENST00000646371.missense.423F/V,-0.7571428571428571,0.6285714285714287,False,False,False,0,False,0
chr3,15645182,15645183,T,G,ENST00000672065,,543,protein_coding,ENSG00000169814,missense,F/V,443,BTD,ENST00000672065.1:c.1327T>G,ENSP00000500403.1:p.Phe443Val,HLA-A*01:01,12,11,2,VVDGLHTVHGTY,VFDGLHTVHGTY,NetMHCcons,43.41,1967.79,45.33,MHCflurry,0.039,0.566,158,0.174,,,73,0.015,,,588.92,5067.57,8.605,0.15,0.901,0.6413252,0.8997273,0.05226544,0.1326598,,,0.4501069318503141,0.3714944748207927,0.463558248579602,0.8647032613917321,0.9014130434781435,0.1774728260869409,513.50965323101,49.1546805799727,0.5657499999999992,0.03925,5459.46,602.72,86.59,0.06,14042.29,1873.18,6.0,1.3,1967.79,43.41,0.79,0.08,5067.57,588.92,1.4,0.24,0.115,0.586,0.85,0.15,,,,,,,,,,,,,14.BTD.ENST00000672065.missense.443F/V,-0.7571428571428571,0.6285714285714287,False,False,False,0,False,0
chr3,15645182,15645183,T,G,ENST00000672112,,545,protein_coding,ENSG00000169814,missense,F/V,445,BTD,ENST00000672112.1:c.1333T>G,ENSP00000500193.1:p.Phe445Val,HLA-A*01:01,12,11,2,VVDGLHTVHGTY,VFDGLHTVHGTY,NetMHCcons,43.41,1967.79,45.33,MHCflurry,0.039,0.566,158,0.174,,,73,0.015,,,588.92,5067.57,8.605,0.15,0.901,0.6413252,0.8997273,0.05226544,0.1326598,,,0.4501069318503141,0.3714944748207927,0.463558248579602,0.8647032613917321,0.9014130434781435,0.1774728260869409,513.50965323101,49.1546805799727,0.5657499999999992,0.03925,5459.46,602.72,86.59,0.06,14042.29,1873.18,6.0,1.3,1967.79,43.41,0.79,0.08,5067.57,588.92,1.4,0.24,0.115,0.586,0.85,0.15,,,,,,,,,,,,,15.BTD.ENST00000672112.missense.445F/V,-0.7571428571428571,0.6285714285714287,False,False,False,0,False,0
chr1,151185546,151185547,T,C,ENST00000354473,3.0,375,protein_coding,ENSG00000163159,missense,K/R,115,VPS72,ENST00000354473.4:c.344A>G,ENSP00000346464.4:p.Lys115Arg,HLA-C*07:01,9,8,2,ERALLPLEL,EKALLPLEL,MHCflurry,47.508,1472.608,30.997,NetMHCpanEL,0.03,1.2,160,0.11,,,64,0.017,,,672.81,12739.3,18.934,2.25,21.5,0.0031898576,0.11902364,0.033888858,0.16005528,,,0.1304649459198117,0.2833710694685578,0.0910979296677201,0.8286693728346107,3.1065489130433974,0.2334510869565207,1472.608257028519,47.50779127975206,2.7916250000000007,0.085875,31244.19,33397.27,30.39,41.86,32561.02,10345.65,24.0,3.0,14485.65,755.3,19.0,1.5,9939.66,590.32,3.2,0.13,0.0144,0.342,1.2,0.03,10992.95,1602.13,37.0,3.9,32149.19,271.13,95.0,13.0,3339.41,367.85,58.0,16.0,3.VPS72.ENST00000354473.missense.115K/R,1.6999999999999995,1.6999999999999995,True,False,False,0,False,0
chr1,151185546,151185547,T,C,ENST00000368892,1.0,364,protein_coding,ENSG00000163159,missense,K/R,115,VPS72,ENST00000368892.9:c.344A>G,ENSP00000357887.5:p.Lys115Arg,HLA-C*07:01,9,8,2,ERALLPLEL,EKALLPLEL,MHCflurry,47.508,1472.608,30.997,NetMHCpanEL,0.03,1.2,160,0.11,,,64,0.017,,,672.81,12739.3,18.934,2.25,21.5,0.0031898576,0.11902364,0.033888858,0.16005528,,,0.1304649459198117,0.2833710694685578,0.0910979296677201,0.8286693728346107,3.1065489130433974,0.2334510869565207,1472.608257028519,47.50779127975206,2.7916250000000007,0.085875,31244.19,33397.27,30.39,41.86,32561.02,10345.65,24.0,3.0,14485.65,755.3,19.0,1.5,9939.66,590.32,3.2,0.13,0.0144,0.342,1.2,0.03,10992.95,1602.13,37.0,3.9,32149.19,271.13,95.0,13.0,3339.41,367.85,58.0,16.0,4.VPS72.ENST00000368892.missense.115K/R,1.6999999999999995,1.6999999999999995,True,False,False,0,False,0
chr1,151185546,151185547,T,C,ENST00000640458,5.0,199,protein_coding,ENSG00000163159,missense,K/R,115,VPS72,ENST00000640458.1:c.344A>G,ENSP00000491718.1:p.Lys115Arg,HLA-C*07:01,9,8,2,ERALLPLEL,EKALLPLEL,MHCflurry,47.508,1472.608,30.997,NetMHCpanEL,0.03,1.2,160,0.11,,,64,0.017,,,672.81,12739.3,18.934,2.25,21.5,0.0031898576,0.11902364,0.033888858,0.16005528,,,0.1304649459198117,0.2833710694685578,0.0910979296677201,0.8286693728346107,3.1065489130433974,0.2334510869565207,1472.608257028519,47.50779127975206,2.7916250000000007,0.085875,31244.19,33397.27,30.39,41.86,32561.02,10345.65,24.0,3.0,14485.65,755.3,19.0,1.5,9939.66,590.32,3.2,0.13,0.0144,0.342,1.2,0.03,10992.95,1602.13,37.0,3.9,32149.19,271.13,95.0,13.0,3339.41,367.85,58.0,16.0,5.VPS72.ENST00000640458.missense.115K/R,1.6999999999999995,1.6999999999999995,True,False,False,0,False,0
chr3,15645182,15645183,T,G,ENST00000303498,1.0,523,protein_coding,ENSG00000169814,missense,F/V,423,BTD,ENST00000303498.10:c.1267T>G,ENSP00000306477.6:p.Phe423Val,HLA-C*01:02,9,4,6,YALGVVDGL,YALGVFDGL,MHCnuggetsI,50.68,22.52,0.444,MHCnuggetsI,0.48,0.11,158,0.174,,,73,0.015,,,1109.0,1376.93,1.242,0.669,0.8,0.00052435865,0.0006670044,0.014813498,0.008221519,0.96769005,0.95448846,0.2614655289798975,0.1607765178196132,0.616852668660661,0.5728605700152064,0.5828532608695269,0.6692119565216643,136.12315369560858,113.84855546883394,0.6753750000000002,0.552,22.52,50.68,0.11,0.48,,,,,2842.78,2352.4,0.8,0.54,5801.77,7140.73,1.2,1.4,0.0424,0.0365,1.3,1.5,1376.93,1109.0,1.1,0.7,,,,,,,,,7.BTD.ENST00000303498.missense.423F/V,1.6714285714285713,1.6714285714285713,False,False,False,0,False,0
chr3,15645182,15645183,T,G,ENST00000383778,2.0,523,protein_coding,ENSG00000169814,missense,F/V,423,BTD,ENST00000383778.5:c.1267T>G,ENSP00000373288.4:p.Phe423Val,HLA-C*01:02,9,4,6,YALGVVDGL,YALGVFDGL,MHCnuggetsI,50.68,22.52,0.444,MHCnuggetsI,0.48,0.11,158,0.174,,,73,0.015,,,1109.0,1376.93,1.242,0.669,0.8,0.00052435865,0.0006670044,0.014813498,0.008221519,0.96769005,0.95448846,0.2614655289798975,0.1607765178196132,0.616852668660661,0.5728605700152064,0.5828532608695269,0.6692119565216643,136.12315369560858,113.84855546883394,0.6753750000000002,0.552,22.52,50.68,0.11,0.48,,,,,2842.78,2352.4,0.8,0.54,5801.77,7140.73,1.2,1.4,0.0424,0.0365,1.3,1.5,1376.93,1109.0,1.1,0.7,,,,,,,,,8.BTD.ENST00000383778.missense.423F/V,1.6714285714285713,1.6714285714285713,False,False,False,0,False,0
chr3,15645182,15645183,T,G,ENST00000427382,4.0,523,protein_coding,ENSG00000169814,missense,F/V,423,BTD,ENST00000427382.2:c.1267T>G,ENSP00000397113.2:p.Phe423Val,HLA-C*01:02,9,4,6,YALGVVDGL,YALGVFDGL,MHCnuggetsI,50.68,22.52,0.444,MHCnuggetsI,0.48,0.11,158,0.174,,,73,0.015,,,1109.0,1376.93,1.242,0.669,0.8,0.00052435865,0.0006670044,0.014813498,0.008221519,0.96769005,0.95448846,0.2614655289798975,0.1607765178196132,0.616852668660661,0.5728605700152064,0.5828532608695269,0.6692119565216643,136.12315369560858,113.84855546883394,0.6753750000000002,0.552,22.52,50.68,0.11,0.48,,,,,2842.78,2352.4,0.8,0.54,5801.77,7140.73,1.2,1.4,0.0424,0.0365,1.3,1.5,1376.93,1109.0,1.1,0.7,,,,,,,,,9.BTD.ENST00000427382.missense.423F/V,1.6714285714285713,1.6714285714285713,False,False,False,0,False,0
chr3,15645182,15645183,T,G,ENST00000437172,2.0,523,protein_coding,ENSG00000169814,missense,F/V,423,BTD,ENST00000437172.6:c.1267T>G,ENSP00000400995.2:p.Phe423Val,HLA-C*01:02,9,4,6,YALGVVDGL,YALGVFDGL,MHCnuggetsI,50.68,22.52,0.444,MHCnuggetsI,0.48,0.11,158,0.174,,,73,0.015,,,1109.0,1376.93,1.242,0.669,0.8,0.00052435865,0.0006670044,0.014813498,0.008221519,0.96769005,0.95448846,0.2614655289798975,0.1607765178196132,0.616852668660661,0.5728605700152064,0.5828532608695269,0.6692119565216643,136.12315369560858,113.84855546883394,0.6753750000000002,0.552,22.52,50.68,0.11,0.48,,,,,2842.78,2352.4,0.8,0.54,5801.77,7140.73,1.2,1.4,0.0424,0.0365,1.3,1.5,1376.93,1109.0,1.1,0.7,,,,,,,,,10.BTD.ENST00000437172.missense.423F/V,1.6714285714285713,1.6714285714285713,False,False,False,0,False,0
chr3,15645182,15645183,T,G,ENST00000449107,2.0,523,protein_coding,ENSG00000169814,missense,F/V,423,BTD,ENST00000449107.7:c.1267T>G,ENSP00000388212.2:p.Phe423Val,HLA-C*01:02,9,4,6,YALGVVDGL,YALGVFDGL,MHCnuggetsI,50.68,22.52,0.444,MHCnuggetsI,0.48,0.11,158,0.174,,,73,0.015,,,1109.0,1376.93,1.242,0.669,0.8,0.00052435865,0.0006670044,0.014813498,0.008221519,0.96769005,0.95448846,0.2614655289798975,0.1607765178196132,0.616852668660661,0.5728605700152064,0.5828532608695269,0.6692119565216643,136.12315369560858,113.84855546883394,0.6753750000000002,0.552,22.52,50.68,0.11,0.48,,,,,2842.78,2352.4,0.8,0.54,5801.77,7140.73,1.2,1.4,0.0424,0.0365,1.3,1.5,1376.93,1109.0,1.1,0.7,,,,,,,,,11.BTD.ENST00000449107.missense.423F/V,1.6714285714285713,1.6714285714285713,False,False,False,0,False,0
chr3,15645182,15645183,T,G,ENST00000643237,,523,protein_coding,ENSG00000169814,missense,F/V,423,BTD,ENST00000643237.3:c.1267T>G,ENSP00000495254.2:p.Phe423Val,HLA-C*01:02,9,4,6,YALGVVDGL,YALGVFDGL,MHCnuggetsI,50.68,22.52,0.444,MHCnuggetsI,0.48,0.11,158,0.174,,,73,0.015,,,1109.0,1376.93,1.242,0.669,0.8,0.00052435865,0.0006670044,0.014813498,0.008221519,0.96769005,0.95448846,0.2614655289798975,0.1607765178196132,0.616852668660661,0.5728605700152064,0.5828532608695269,0.6692119565216643,136.12315369560858,113.84855546883394,0.6753750000000002,0.552,22.52,50.68,0.11,0.48,,,,,2842.78,2352.4,0.8,0.54,5801.77,7140.73,1.2,1.4,0.0424,0.0365,1.3,1.5,1376.93,1109.0,1.1,0.7,,,,,,,,,12.BTD.ENST00000643237.missense.423F/V,1.6714285714285713,1.6714285714285713,False,False,False,0,False,0
chr3,15645182,15645183,T,G,ENST00000646371,,523,protein_coding,ENSG00000169814,missense,F/V,423,BTD,ENST00000646371.1:c.1267T>G,ENSP00000495866.1:p.Phe423Val,HLA-C*01:02,9,4,6,YALGVVDGL,YALGVFDGL,MHCnuggetsI,50.68,22.52,0.444,MHCnuggetsI,0.48,0.11,158,0.174,,,73,0.015,,,1109.0,1376.93,1.242,0.669,0.8,0.00052435865,0.0006670044,0.014813498,0.008221519,0.96769005,0.95448846,0.2614655289798975,0.1607765178196132,0.616852668660661,0.5728605700152064,0.5828532608695269,0.6692119565216643,136.12315369560858,113.84855546883394,0.6753750000000002,0.552,22.52,50.68,0.11,0.48,,,,,2842.78,2352.4,0.8,0.54,5801.77,7140.73,1.2,1.4,0.0424,0.0365,1.3,1.5,1376.93,1109.0,1.1,0.7,,,,,,,,,13.BTD.ENST00000646371.missense.423F/V,1.6714285714285713,1.6714285714285713,False,False,False,0,False,0
chr3,15645182,15645183,T,G,ENST00000672065,,543,protein_coding,ENSG00000169814,missense,F/V,443,BTD,ENST00000672065.1:c.1327T>G,ENSP00000500403.1:p.Phe443Val,HLA-C*01:02,9,4,6,YALGVVDGL,YALGVFDGL,MHCnuggetsI,50.68,22.52,0.444,MHCnuggetsI,0.48,0.11,158,0.174,,,73,0.015,,,1109.0,1376.93,1.242,0.669,0.8,0.00052435865,0.0006670044,0.014813498,0.008221519,0.96769005,0.95448846,0.2614655289798975,0.1607765178196132,0.616852668660661,0.5728605700152064,0.5828532608695269,0.6692119565216643,136.12315369560858,113.84855546883394,0.6753750000000002,0.552,22.52,50.68,0.11,0.48,,,,,2842.78,2352.4,0.8,0.54,5801.77,7140.73,1.2,1.4,0.0424,0.0365,1.3,1.5,1376.93,1109.0,1.1,0.7,,,,,,,,,14.BTD.ENST00000672065.missense.443F/V,1.6714285714285713,1.6714285714285713,False,False,False,0,False,0
chr3,15645182,15645183,T,G,ENST00000672112,,545,protein_coding,ENSG00000169814,missense,F/V,445,BTD,ENST00000672112.1:c.1333T>G,ENSP00000500193.1:p.Phe445Val,HLA-C*01:02,9,4,6,YALGVVDGL,YALGVFDGL,MHCnuggetsI,50.68,22.52,0.444,MHCnuggetsI,0.48,0.11,158,0.174,,,73,0.015,,,1109.0,1376.93,1.242,0.669,0.8,0.00052435865,0.0006670044,0.014813498,0.008221519,0.96769005,0.95448846,0.2614655289798975,0.1607765178196132,0.616852668660661,0.5728605700152064,0.5828532608695269,0.6692119565216643,136.12315369560858,113.84855546883394,0.6753750000000002,0.552,22.52,50.68,0.11,0.48,,,,,2842.78,2352.4,0.8,0.54,5801.77,7140.73,1.2,1.4,0.0424,0.0365,1.3,1.5,1376.93,1109.0,1.1,0.7,,,,,,,,,15.BTD.ENST00000672112.missense.445F/V,1.6714285714285713,1.6714285714285713,False,False,False,0,False,0
chr8,22192066,22192067,T,A,ENST00000306349,1.0,730,protein_coding,ENSG00000168487,missense,S/T,366,BMP1,ENST00000306349.13:c.1096T>A,ENSP00000306121.8:p.Ser366Thr,HLA-A*01:01,12,12,1,TLDLYRSRLCWY,SLDLYRSRLCWY,NetMHCcons,56.89,61.04,1.073,NetMHCcons,0.1,0.11,118,0.123,,,74,0.014,,,407.8,536.4,1.315,0.56,0.64,0.3592029,0.41243976,0.042258713,0.06875638,,,0.0100738536712015,0.0111602121105534,0.0484310945069688,0.0414529152409519,5.2477717391304,6.047907608695624,1908.2125031413675,2265.5516924022354,1.221124999999999,1.3371249999999988,5452.76,5450.4,81.6,79.31,305.75,186.03,0.38,0.26,61.04,56.89,0.11,0.1,536.4,407.8,0.23,0.19,0.164,0.193,0.64,0.56,,,,,,,,,,,,,28.BMP1.ENST00000306349.missense.366S/T,-0.8142857142857144,-0.1428571428571428,False,False,False,1,False,0
chr8,22192066,22192067,T,A,ENST00000306385,1.0,986,protein_coding,ENSG00000168487,missense,S/T,366,BMP1,ENST00000306385.10:c.1096T>A,ENSP00000305714.5:p.Ser366Thr,HLA-A*01:01,12,12,1,TLDLYRSRLCWY,SLDLYRSRLCWY,NetMHCcons,56.89,61.04,1.073,NetMHCcons,0.1,0.11,118,0.123,,,74,0.014,,,407.8,536.4,1.315,0.56,0.64,0.3592029,0.41243976,0.042258713,0.06875638,,,0.0100738536712015,0.0111602121105534,0.0484310945069688,0.0414529152409519,5.2477717391304,6.047907608695624,1908.2125031413675,2265.5516924022354,1.221124999999999,1.3371249999999988,5452.76,5450.4,81.6,79.31,305.75,186.03,0.38,0.26,61.04,56.89,0.11,0.1,536.4,407.8,0.23,0.19,0.164,0.193,0.64,0.56,,,,,,,,,,,,,29.BMP1.ENST00000306385.missense.366S/T,-0.8142857142857144,-0.1428571428571428,False,False,False,1,False,0
chr3,77607852,77607853,C,A,ENST00000332191,5.0,1439,protein_coding,ENSG00000185008,missense,N/K,1064,ROBO2,ENST00000332191.12:c.3192C>A,ENSP00000327536.8:p.Asn1064Lys,HLA-C*07:01,9,2,8,NSSKPQKKN,NSSKPQKNN,SMM,60.7,59.32,0.977,SMM,3.1,3.1,158,0.149,,,55,0.018,,,32029.792,32269.168,1.007,44.776,48.776,4.355425e-05,3.266278e-05,0.0047087497,0.0023080285,,,0.001551242374262,0.0015983184785,0.0036090560966895,0.0036246108708702,99.28660326086955,99.28660326086955,28100.43531886963,27980.64353567008,43.553,43.553,37122.31,36998.86,75.11,73.76,36437.9,36078.94,34.0,33.0,42509.45,41825.1,93.0,89.0,40749.9,41096.61,67.0,69.0,4e-06,7e-06,54.0,46.0,2314.53,2145.7,6.3,5.8,59.32,60.7,3.1,3.1,323.35,322.6,15.0,15.0,16.ROBO2.ENST00000332191.missense.1064N/K,-3.0142857142857147,-2.571428571428572,False,False,False,0,True,0
chr3,77607852,77607853,C,A,ENST00000461745,1.0,1378,protein_coding,ENSG00000185008,missense,N/K,1064,ROBO2,ENST00000461745.5:c.3192C>A,ENSP00000417164.1:p.Asn1064Lys,HLA-C*07:01,9,2,8,NSSKPQKKN,NSSKPQKNN,SMM,60.7,59.32,0.977,SMM,3.1,3.1,158,0.149,,,55,0.018,,,32029.792,32269.168,1.007,44.776,48.776,4.355425e-05,3.266278e-05,0.0047087497,0.0023080285,,,0.001551242374262,0.0015983184785,0.0036090560966895,0.0036246108708702,99.28660326086955,99.28660326086955,28100.43531886963,27980.64353567008,43.553,43.553,37122.31,36998.86,75.11,73.76,36437.9,36078.94,34.0,33.0,42509.45,41825.1,93.0,89.0,40749.9,41096.61,67.0,69.0,4e-06,7e-06,54.0,46.0,2314.53,2145.7,6.3,5.8,59.32,60.7,3.1,3.1,323.35,322.6,15.0,15.0,17.ROBO2.ENST00000461745.missense.1064N/K,-3.0142857142857147,-2.571428571428572,False,False,False,0,True,0
chr3,77607852,77607853,C,A,ENST00000471893,4.0,214,protein_coding,ENSG00000185008,missense,N/K,181,ROBO2,ENST00000471893.1:c.543C>A,ENSP00000418190.1:p.Asn181Lys,HLA-C*07:01,9,2,8,NSSKPQKKN,NSSKPQKNN,SMM,60.7,59.32,0.977,SMM,3.1,3.1,158,0.149,,,55,0.018,,,32029.792,32269.168,1.007,44.776,48.776,4.355425e-05,3.266278e-05,0.0047087497,0.0023080285,,,0.001551242374262,0.0015983184785,0.0036090560966895,0.0036246108708702,99.28660326086955,99.28660326086955,28100.43531886963,27980.64353567008,43.553,43.553,37122.31,36998.86,75.11,73.76,36437.9,36078.94,34.0,33.0,42509.45,41825.1,93.0,89.0,40749.9,41096.61,67.0,69.0,4e-06,7e-06,54.0,46.0,2314.53,2145.7,6.3,5.8,59.32,60.7,3.1,3.1,323.35,322.6,15.0,15.0,18.ROBO2.ENST00000471893.missense.181N/K,-3.0142857142857147,-2.571428571428572,False,False,False,0,True,0
chr3,77607852,77607853,C,A,ENST00000487694,5.0,1394,protein_coding,ENSG00000185008,missense,N/K,1080,ROBO2,ENST00000487694.7:c.3240C>A,ENSP00000417335.2:p.Asn1080Lys,HLA-C*07:01,9,2,8,NSSKPQKKN,NSSKPQKNN,SMM,60.7,59.32,0.977,SMM,3.1,3.1,158,0.149,,,55,0.018,,,32029.792,32269.168,1.007,44.776,48.776,4.355425e-05,3.266278e-05,0.0047087497,0.0023080285,,,0.001551242374262,0.0015983184785,0.0036090560966895,0.0036246108708702,99.28660326086955,99.28660326086955,28100.43531886963,27980.64353567008,43.553,43.553,37122.31,36998.86,75.11,73.76,36437.9,36078.94,34.0,33.0,42509.45,41825.1,93.0,89.0,40749.9,41096.61,67.0,69.0,4e-06,7e-06,54.0,46.0,2314.53,2145.7,6.3,5.8,59.32,60.7,3.1,3.1,323.35,322.6,15.0,15.0,19.ROBO2.ENST00000487694.missense.1080N/K,-3.0142857142857147,-2.571428571428572,False,False,False,0,True,0
chr3,77607852,77607853,C,A,ENST00000490991,1.0,342,protein_coding,ENSG00000185008,missense,N/K,221,ROBO2,ENST00000490991.5:c.663C>A,ENSP00000418344.1:p.Asn221Lys,HLA-C*07:01,9,2,8,NSSKPQKKN,NSSKPQKNN,SMM,60.7,59.32,0.977,SMM,3.1,3.1,158,0.149,,,55,0.018,,,32029.792,32269.168,1.007,44.776,48.776,4.355425e-05,3.266278e-05,0.0047087497,0.0023080285,,,0.001551242374262,0.0015983184785,0.0036090560966895,0.0036246108708702,99.28660326086955,99.28660326086955,28100.43531886963,27980.64353567008,43.553,43.553,37122.31,36998.86,75.11,73.76,36437.9,36078.94,34.0,33.0,42509.45,41825.1,93.0,89.0,40749.9,41096.61,67.0,69.0,4e-06,7e-06,54.0,46.0,2314.53,2145.7,6.3,5.8,59.32,60.7,3.1,3.1,323.35,322.6,15.0,15.0,20.ROBO2.ENST00000490991.missense.221N/K,-3.0142857142857147,-2.571428571428572,False,False,False,0,True,0
chr3,77607852,77607853,C,A,ENST00000614793,5.0,1250,protein_coding,ENSG00000185008,missense,N/K,936,ROBO2,ENST00000614793.4:c.2808C>A,ENSP00000480344.1:p.Asn936Lys,HLA-C*07:01,9,2,8,NSSKPQKKN,NSSKPQKNN,SMM,60.7,59.32,0.977,SMM,3.1,3.1,158,0.149,,,55,0.018,,,32029.792,32269.168,1.007,44.776,48.776,4.355425e-05,3.266278e-05,0.0047087497,0.0023080285,,,0.001551242374262,0.0015983184785,0.0036090560966895,0.0036246108708702,99.28660326086955,99.28660326086955,28100.43531886963,27980.64353567008,43.553,43.553,37122.31,36998.86,75.11,73.76,36437.9,36078.94,34.0,33.0,42509.45,41825.1,93.0,89.0,40749.9,41096.61,67.0,69.0,4e-06,7e-06,54.0,46.0,2314.53,2145.7,6.3,5.8,59.32,60.7,3.1,3.1,323.35,322.6,15.0,15.0,21.ROBO2.ENST00000614793.missense.936N/K,-3.0142857142857147,-2.571428571428572,False,False,False,0,True,0
chr8,22192066,22192067,T,A,ENST00000306349,1.0,730,protein_coding,ENSG00000168487,missense,S/T,366,BMP1,ENST00000306349.13:c.1096T>A,ENSP00000306121.8:p.Ser366Thr,HLA-C*01:02,9,2,8,KIILNFTTL,KIILNFTSL,MHCflurry,62.823,60.398,0.961,MHCflurry,0.221,0.201,118,0.123,,,74,0.014,,,1648.2,1684.0,1.022,0.339,0.328,0.38151178,0.21544114,0.31115717,0.20125687,0.8715426,0.9117496,0.241882249712944,0.2440297398716211,0.7678553942064108,0.7623494294044827,0.3283152173912782,0.3385597826086837,60.39843797799531,62.8233172592323,0.200625,0.22125,269.6,283.91,2.86,2.97,,,,,5353.44,5441.03,3.2,3.2,1684.0,1648.2,0.29,0.28,0.198,0.217,0.29,0.27,7775.84,9146.01,25.0,29.0,,,,,,,,,28.BMP1.ENST00000306349.missense.366S/T,1.4285714285714286,1.528571428571429,False,False,False,0,False,0
chr8,22192066,22192067,T,A,ENST00000306385,1.0,986,protein_coding,ENSG00000168487,missense,S/T,366,BMP1,ENST00000306385.10:c.1096T>A,ENSP00000305714.5:p.Ser366Thr,HLA-C*01:02,9,2,8,KIILNFTTL,KIILNFTSL,MHCflurry,62.823,60.398,0.961,MHCflurry,0.221,0.201,118,0.123,,,74,0.014,,,1648.2,1684.0,1.022,0.339,0.328,0.38151178,0.21544114,0.31115717,0.20125687,0.8715426,0.9117496,0.241882249712944,0.2440297398716211,0.7678553942064108,0.7623494294044827,0.3283152173912782,0.3385597826086837,60.39843797799531,62.8233172592323,0.200625,0.22125,269.6,283.91,2.86,2.97,,,,,5353.44,5441.03,3.2,3.2,1684.0,1648.2,0.29,0.28,0.198,0.217,0.29,0.27,7775.84,9146.01,25.0,29.0,,,,,,,,,29.BMP1.ENST00000306385.missense.366S/T,1.4285714285714286,1.528571428571429,False,False,False,0,False,0
